category,item,status,source_path,archive_path,commit,notes
changes,CHANGE-001-langgraph-基础框架,archived,.harness/changes/CHANGE-001-langgraph-基础框架/01-需求分析.md,archive/changes/CHANGE-001-langgraph-基础框架/01-需求分析.md,02fcb98,
changes,CHANGE-001-langgraph-基础框架,archived,.harness/changes/CHANGE-001-langgraph-基础框架/02-技术设计.md,archive/changes/CHANGE-001-langgraph-基础框架/02-技术设计.md,02fcb98,
changes,CHANGE-001-langgraph-基础框架,archived,.harness/changes/CHANGE-001-langgraph-基础框架/03-编码计划.md,archive/changes/CHANGE-001-langgraph-基础框架/03-编码计划.md,02fcb98,
changes,CHANGE-001-langgraph-基础框架,archived,.harness/changes/CHANGE-001-langgraph-基础框架/04-编码报告-v1.md,archive/changes/CHANGE-001-langgraph-基础框架/04-编码报告-v1.md,02fcb98,
changes,CHANGE-001-langgraph-基础框架,archived,.harness/changes/CHANGE-001-langgraph-基础框架/05-代码检查报告-v1.md,archive/changes/CHANGE-001-langgraph-基础框架/05-代码检查报告-v1.md,02fcb98,
changes,CHANGE-001-langgraph-基础框架,archived,.harness/changes/CHANGE-001-langgraph-基础框架/05-代码检查报告-v2.md,archive/changes/CHANGE-001-langgraph-基础框架/05-代码检查报告-v2.md,02fcb98,
changes,CHANGE-001-langgraph-基础框架,archived,.harness/changes/CHANGE-001-langgraph-基础框架/06-专家评审报告-v1.md,archive/changes/CHANGE-001-langgraph-基础框架/06-专家评审报告-v1.md,02fcb98,
changes,CHANGE-001-langgraph-基础框架,archived,.harness/changes/CHANGE-001-langgraph-基础框架/07-单元测试报告-v1.md,archive/changes/CHANGE-001-langgraph-基础框架/07-单元测试报告-v1.md,02fcb98,
changes,CHANGE-001-langgraph-基础框架,archived,.harness/changes/CHANGE-001-langgraph-基础框架/08-集成测试报告-v1.md,archive/changes/CHANGE-001-langgraph-基础框架/08-集成测试报告-v1.md,02fcb98,
changes,CHANGE-001-langgraph-基础框架,archived,.harness/changes/CHANGE-001-langgraph-基础框架/09-CI验证报告-v1.md,archive/changes/CHANGE-001-langgraph-基础框架/09-CI验证报告-v1.md,02fcb98,
changes,CHANGE-001-langgraph-基础框架,archived,.harness/changes/CHANGE-001-langgraph-基础框架/10-部署验证报告-v1.md,archive/changes/CHANGE-001-langgraph-基础框架/10-部署验证报告-v1.md,02fcb98,
changes,CHANGE-001-langgraph-基础框架,archived,.harness/changes/CHANGE-001-langgraph-基础框架/summary.md,archive/changes/CHANGE-001-langgraph-基础框架/summary.md,02fcb98,
changes,CHANGE-002-deepseek-api集成,archived,.harness/changes/CHANGE-002-deepseek-api集成/01-需求分析.md,archive/changes/CHANGE-002-deepseek-api集成/01-需求分析.md,02fcb98,
changes,CHANGE-002-deepseek-api集成,archived,.harness/changes/CHANGE-002-deepseek-api集成/02-技术设计.md,archive/changes/CHANGE-002-deepseek-api集成/02-技术设计.md,02fcb98,
changes,CHANGE-002-deepseek-api集成,archived,.harness/changes/CHANGE-002-deepseek-api集成/03-编码计划.md,archive/changes/CHANGE-002-deepseek-api集成/03-编码计划.md,02fcb98,
changes,CHANGE-002-deepseek-api集成,archived,.harness/changes/CHANGE-002-deepseek-api集成/06-专家评审报告.md,archive/changes/CHANGE-002-deepseek-api集成/06-专家评审报告.md,02fcb98,
changes,CHANGE-002-deepseek-api集成,archived,.harness/changes/CHANGE-002-deepseek-api集成/07-问题修复报告.md,archive/changes/CHANGE-002-deepseek-api集成/07-问题修复报告.md,02fcb98,
changes,CHANGE-002-deepseek-api集成,archived,.harness/changes/CHANGE-002-deepseek-api集成/08-集成测试报告.md,archive/changes/CHANGE-002-deepseek-api集成/08-集成测试报告.md,02fcb98,
changes,CHANGE-002-deepseek-api集成,archived,.harness/changes/CHANGE-002-deepseek-api集成/09-CI验证报告.md,archive/changes/CHANGE-002-deepseek-api集成/09-CI验证报告.md,02fcb98,
changes,CHANGE-002-deepseek-api集成,archived,.harness/changes/CHANGE-002-deepseek-api集成/10-部署验证报告.md,archive/changes/CHANGE-002-deepseek-api集成/10-部署验证报告.md,02fcb98,
changes,CHANGE-002-deepseek-api集成,archived,.harness/changes/CHANGE-002-deepseek-api集成/11-最终交付文档.md,archive/changes/CHANGE-002-deepseek-api集成/11-最终交付文档.md,02fcb98,
changes,CHANGE-002-deepseek-api集成,archived,.harness/changes/CHANGE-002-deepseek-api集成/summary.md,archive/changes/CHANGE-002-deepseek-api集成/summary.md,02fcb98,
changes,CHANGE-003-web-api,archived,.harness/changes/CHANGE-003-web-api/01-需求分析.md,archive/changes/CHANGE-003-web-api/01-需求分析.md,37e475f,
changes,CHANGE-003-web-api,archived,.harness/changes/CHANGE-003-web-api/02-技术设计.md,archive/changes/CHANGE-003-web-api/02-技术设计.md,37e475f,
changes,CHANGE-003-web-api,archived,.harness/changes/CHANGE-003-web-api/03-编码计划.md,archive/changes/CHANGE-003-web-api/03-编码计划.md,37e475f,
changes,CHANGE-003-web-api,archived,.harness/changes/CHANGE-003-web-api/04-编码报告-v1.md,archive/changes/CHANGE-003-web-api/04-编码报告-v1.md,37e475f,
changes,CHANGE-003-web-api,archived,.harness/changes/CHANGE-003-web-api/05-代码检查报告-v1.md,archive/changes/CHANGE-003-web-api/05-代码检查报告-v1.md,37e475f,
changes,CHANGE-003-web-api,archived,.harness/changes/CHANGE-003-web-api/06-专家评审报告-v1.md,archive/changes/CHANGE-003-web-api/06-专家评审报告-v1.md,37e475f,
changes,CHANGE-003-web-api,archived,.harness/changes/CHANGE-003-web-api/07-单元测试报告-v1.md,archive/changes/CHANGE-003-web-api/07-单元测试报告-v1.md,37e475f,
changes,CHANGE-003-web-api,archived,.harness/changes/CHANGE-003-web-api/08-集成测试报告-v1.md,archive/changes/CHANGE-003-web-api/08-集成测试报告-v1.md,37e475f,
changes,CHANGE-003-web-api,archived,.harness/changes/CHANGE-003-web-api/09-CI验证报告-v1.md,archive/changes/CHANGE-003-web-api/09-CI验证报告-v1.md,37e475f,
changes,CHANGE-003-web-api,archived,.harness/changes/CHANGE-003-web-api/10-部署验证报告-v1.md,archive/changes/CHANGE-003-web-api/10-部署验证报告-v1.md,37e475f,
changes,CHANGE-003-web-api,archived,.harness/changes/CHANGE-003-web-api/summary.md,archive/changes/CHANGE-003-web-api/summary.md,f950c4e,
changes,CHANGE-004-数据库持久化,archived,.harness/changes/CHANGE-004-数据库持久化/01-需求分析.md,archive/changes/CHANGE-004-数据库持久化/01-需求分析.md,37e475f,
changes,CHANGE-004-数据库持久化,archived,.harness/changes/CHANGE-004-数据库持久化/02-技术设计.md,archive/changes/CHANGE-004-数据库持久化/02-技术设计.md,37e475f,
changes,CHANGE-004-数据库持久化,archived,.harness/changes/CHANGE-004-数据库持久化/03-编码计划.md,archive/changes/CHANGE-004-数据库持久化/03-编码计划.md,37e475f,
changes,CHANGE-004-数据库持久化,archived,.harness/changes/CHANGE-004-数据库持久化/04-编码报告-v1.md,archive/changes/CHANGE-004-数据库持久化/04-编码报告-v1.md,37e475f,
changes,CHANGE-004-数据库持久化,archived,.harness/changes/CHANGE-004-数据库持久化/05-代码检查报告-v1.md,archive/changes/CHANGE-004-数据库持久化/05-代码检查报告-v1.md,37e475f,
changes,CHANGE-004-数据库持久化,archived,.harness/changes/CHANGE-004-数据库持久化/06-专家评审报告-v1.md,archive/changes/CHANGE-004-数据库持久化/06-专家评审报告-v1.md,37e475f,
changes,CHANGE-004-数据库持久化,archived,.harness/changes/CHANGE-004-数据库持久化/07-单元测试报告-v1.md,archive/changes/CHANGE-004-数据库持久化/07-单元测试报告-v1.md,37e475f,
changes,CHANGE-004-数据库持久化,archived,.harness/changes/CHANGE-004-数据库持久化/08-集成测试报告-v1.md,archive/changes/CHANGE-004-数据库持久化/08-集成测试报告-v1.md,37e475f,
changes,CHANGE-004-数据库持久化,archived,.harness/changes/CHANGE-004-数据库持久化/09-CI验证报告-v1.md,archive/changes/CHANGE-004-数据库持久化/09-CI验证报告-v1.md,37e475f,
changes,CHANGE-004-数据库持久化,archived,.harness/changes/CHANGE-004-数据库持久化/10-部署验证报告-v1.md,archive/changes/CHANGE-004-数据库持久化/10-部署验证报告-v1.md,37e475f,
changes,CHANGE-004-数据库持久化,archived,.harness/changes/CHANGE-004-数据库持久化/summary.md,archive/changes/CHANGE-004-数据库持久化/summary.md,f950c4e,
changes,CHANGE-005-websocket实时进度,archived,.harness/changes/CHANGE-005-websocket实时进度/01-需求分析.md,archive/changes/CHANGE-005-websocket实时进度/01-需求分析.md,37e475f,
changes,CHANGE-005-websocket实时进度,archived,.harness/changes/CHANGE-005-websocket实时进度/02-技术设计.md,archive/changes/CHANGE-005-websocket实时进度/02-技术设计.md,37e475f,
changes,CHANGE-005-websocket实时进度,archived,.harness/changes/CHANGE-005-websocket实时进度/03-编码计划.md,archive/changes/CHANGE-005-websocket实时进度/03-编码计划.md,37e475f,
changes,CHANGE-005-websocket实时进度,archived,.harness/changes/CHANGE-005-websocket实时进度/04-编码报告-v1.md,archive/changes/CHANGE-005-websocket实时进度/04-编码报告-v1.md,37e475f,
changes,CHANGE-005-websocket实时进度,archived,.harness/changes/CHANGE-005-websocket实时进度/05-代码检查报告-v1.md,archive/changes/CHANGE-005-websocket实时进度/05-代码检查报告-v1.md,37e475f,
changes,CHANGE-005-websocket实时进度,archived,.harness/changes/CHANGE-005-websocket实时进度/06-专家评审报告-v1.md,archive/changes/CHANGE-005-websocket实时进度/06-专家评审报告-v1.md,37e475f,
changes,CHANGE-005-websocket实时进度,archived,.harness/changes/CHANGE-005-websocket实时进度/07-单元测试报告-v1.md,archive/changes/CHANGE-005-websocket实时进度/07-单元测试报告-v1.md,37e475f,
changes,CHANGE-005-websocket实时进度,archived,.harness/changes/CHANGE-005-websocket实时进度/08-集成测试报告-v1.md,archive/changes/CHANGE-005-websocket实时进度/08-集成测试报告-v1.md,37e475f,
changes,CHANGE-005-websocket实时进度,archived,.harness/changes/CHANGE-005-websocket实时进度/09-CI验证报告-v1.md,archive/changes/CHANGE-005-websocket实时进度/09-CI验证报告-v1.md,37e475f,
changes,CHANGE-005-websocket实时进度,archived,.harness/changes/CHANGE-005-websocket实时进度/10-部署验证报告-v1.md,archive/changes/CHANGE-005-websocket实时进度/10-部署验证报告-v1.md,37e475f,
changes,CHANGE-005-websocket实时进度,archived,.harness/changes/CHANGE-005-websocket实时进度/summary.md,archive/changes/CHANGE-005-websocket实时进度/summary.md,f950c4e,
changes,CHANGE-006-前端界面,archived,.harness/changes/CHANGE-006-前端界面/01-需求分析.md,archive/changes/CHANGE-006-前端界面/01-需求分析.md,37e475f,
changes,CHANGE-006-前端界面,archived,.harness/changes/CHANGE-006-前端界面/02-技术设计.md,archive/changes/CHANGE-006-前端界面/02-技术设计.md,37e475f,
changes,CHANGE-006-前端界面,archived,.harness/changes/CHANGE-006-前端界面/03-编码计划.md,archive/changes/CHANGE-006-前端界面/03-编码计划.md,37e475f,
changes,CHANGE-006-前端界面,archived,.harness/changes/CHANGE-006-前端界面/04-编码报告-v1.md,archive/changes/CHANGE-006-前端界面/04-编码报告-v1.md,37e475f,
changes,CHANGE-006-前端界面,archived,.harness/changes/CHANGE-006-前端界面/05-代码检查报告-v1.md,archive/changes/CHANGE-006-前端界面/05-代码检查报告-v1.md,37e475f,
changes,CHANGE-006-前端界面,archived,.harness/changes/CHANGE-006-前端界面/06-专家评审报告-v1.md,archive/changes/CHANGE-006-前端界面/06-专家评审报告-v1.md,37e475f,
changes,CHANGE-006-前端界面,archived,.harness/changes/CHANGE-006-前端界面/07-单元测试报告-v1.md,archive/changes/CHANGE-006-前端界面/07-单元测试报告-v1.md,37e475f,
changes,CHANGE-006-前端界面,archived,.harness/changes/CHANGE-006-前端界面/08-集成测试报告-v1.md,archive/changes/CHANGE-006-前端界面/08-集成测试报告-v1.md,37e475f,
changes,CHANGE-006-前端界面,archived,.harness/changes/CHANGE-006-前端界面/09-CI验证报告-v1.md,archive/changes/CHANGE-006-前端界面/09-CI验证报告-v1.md,37e475f,
changes,CHANGE-006-前端界面,archived,.harness/changes/CHANGE-006-前端界面/10-部署验证报告-v1.md,archive/changes/CHANGE-006-前端界面/10-部署验证报告-v1.md,37e475f,
changes,CHANGE-006-前端界面,archived,.harness/changes/CHANGE-006-前端界面/summary.md,archive/changes/CHANGE-006-前端界面/summary.md,f950c4e,
changes,CHANGE-007-小说项目管理,archived,.harness/changes/CHANGE-007-小说项目管理/01-需求分析.md,archive/changes/CHANGE-007-小说项目管理/01-需求分析.md,37e475f,
changes,CHANGE-007-小说项目管理,archived,.harness/changes/CHANGE-007-小说项目管理/02-技术设计.md,archive/changes/CHANGE-007-小说项目管理/02-技术设计.md,37e475f,
changes,CHANGE-007-小说项目管理,archived,.harness/changes/CHANGE-007-小说项目管理/03-编码计划.md,archive/changes/CHANGE-007-小说项目管理/03-编码计划.md,37e475f,
changes,CHANGE-007-小说项目管理,archived,.harness/changes/CHANGE-007-小说项目管理/04-编码报告-v1.md,archive/changes/CHANGE-007-小说项目管理/04-编码报告-v1.md,37e475f,
changes,CHANGE-007-小说项目管理,archived,.harness/changes/CHANGE-007-小说项目管理/05-代码检查报告-v1.md,archive/changes/CHANGE-007-小说项目管理/05-代码检查报告-v1.md,37e475f,
changes,CHANGE-007-小说项目管理,archived,.harness/changes/CHANGE-007-小说项目管理/06-专家评审报告-v1.md,archive/changes/CHANGE-007-小说项目管理/06-专家评审报告-v1.md,37e475f,
changes,CHANGE-007-小说项目管理,archived,.harness/changes/CHANGE-007-小说项目管理/07-单元测试报告-v1.md,archive/changes/CHANGE-007-小说项目管理/07-单元测试报告-v1.md,37e475f,
changes,CHANGE-007-小说项目管理,archived,.harness/changes/CHANGE-007-小说项目管理/08-集成测试报告-v1.md,archive/changes/CHANGE-007-小说项目管理/08-集成测试报告-v1.md,37e475f,
changes,CHANGE-007-小说项目管理,archived,.harness/changes/CHANGE-007-小说项目管理/09-CI验证报告-v1.md,archive/changes/CHANGE-007-小说项目管理/09-CI验证报告-v1.md,37e475f,
changes,CHANGE-007-小说项目管理,archived,.harness/changes/CHANGE-007-小说项目管理/10-部署验证报告-v1.md,archive/changes/CHANGE-007-小说项目管理/10-部署验证报告-v1.md,37e475f,
changes,CHANGE-007-小说项目管理,archived,.harness/changes/CHANGE-007-小说项目管理/summary.md,archive/changes/CHANGE-007-小说项目管理/summary.md,f950c4e,
changes,CHANGE-008-docker部署,archived,.harness/changes/CHANGE-008-docker部署/01-需求分析.md,archive/changes/CHANGE-008-docker部署/01-需求分析.md,37e475f,
changes,CHANGE-008-docker部署,archived,.harness/changes/CHANGE-008-docker部署/02-技术设计.md,archive/changes/CHANGE-008-docker部署/02-技术设计.md,37e475f,
changes,CHANGE-008-docker部署,archived,.harness/changes/CHANGE-008-docker部署/03-编码计划.md,archive/changes/CHANGE-008-docker部署/03-编码计划.md,37e475f,
changes,CHANGE-008-docker部署,archived,.harness/changes/CHANGE-008-docker部署/04-编码报告-v1.md,archive/changes/CHANGE-008-docker部署/04-编码报告-v1.md,37e475f,
changes,CHANGE-008-docker部署,archived,.harness/changes/CHANGE-008-docker部署/05-代码检查报告-v1.md,archive/changes/CHANGE-008-docker部署/05-代码检查报告-v1.md,37e475f,
changes,CHANGE-008-docker部署,archived,.harness/changes/CHANGE-008-docker部署/06-专家评审报告-v1.md,archive/changes/CHANGE-008-docker部署/06-专家评审报告-v1.md,37e475f,
changes,CHANGE-008-docker部署,archived,.harness/changes/CHANGE-008-docker部署/07-单元测试报告-v1.md,archive/changes/CHANGE-008-docker部署/07-单元测试报告-v1.md,37e475f,
changes,CHANGE-008-docker部署,archived,.harness/changes/CHANGE-008-docker部署/08-集成测试报告-v1.md,archive/changes/CHANGE-008-docker部署/08-集成测试报告-v1.md,37e475f,
changes,CHANGE-008-docker部署,archived,.harness/changes/CHANGE-008-docker部署/09-CI验证报告-v1.md,archive/changes/CHANGE-008-docker部署/09-CI验证报告-v1.md,37e475f,
changes,CHANGE-008-docker部署,archived,.harness/changes/CHANGE-008-docker部署/10-部署验证报告-v1.md,archive/changes/CHANGE-008-docker部署/10-部署验证报告-v1.md,37e475f,
changes,CHANGE-008-docker部署,archived,.harness/changes/CHANGE-008-docker部署/summary.md,archive/changes/CHANGE-008-docker部署/summary.md,f950c4e,
changes,CHANGE-009-修复云服务器问题,archived,.harness/changes/CHANGE-009-修复云服务器问题/01-需求分析.md,archive/changes/CHANGE-009-修复云服务器问题/01-需求分析.md,748b49d,
changes,CHANGE-009-修复云服务器问题,archived,.harness/changes/CHANGE-009-修复云服务器问题/02-技术设计.md,archive/changes/CHANGE-009-修复云服务器问题/02-技术设计.md,748b49d,
changes,CHANGE-009-修复云服务器问题,archived,.harness/changes/CHANGE-009-修复云服务器问题/03-编码计划.md,archive/changes/CHANGE-009-修复云服务器问题/03-编码计划.md,748b49d,
changes,CHANGE-009-修复云服务器问题,archived,.harness/changes/CHANGE-009-修复云服务器问题/04-编码报告-v1.md,archive/changes/CHANGE-009-修复云服务器问题/04-编码报告-v1.md,748b49d,
changes,CHANGE-009-修复云服务器问题,archived,.harness/changes/CHANGE-009-修复云服务器问题/05-代码检查报告-v1.md,archive/changes/CHANGE-009-修复云服务器问题/05-代码检查报告-v1.md,748b49d,
changes,CHANGE-009-修复云服务器问题,archived,.harness/changes/CHANGE-009-修复云服务器问题/06-专家评审报告-v1.md,archive/changes/CHANGE-009-修复云服务器问题/06-专家评审报告-v1.md,748b49d,
changes,CHANGE-009-修复云服务器问题,archived,.harness/changes/CHANGE-009-修复云服务器问题/07-单元测试报告-v1.md,archive/changes/CHANGE-009-修复云服务器问题/07-单元测试报告-v1.md,748b49d,
changes,CHANGE-009-修复云服务器问题,archived,.harness/changes/CHANGE-009-修复云服务器问题/08-集成测试报告-v1.md,archive/changes/CHANGE-009-修复云服务器问题/08-集成测试报告-v1.md,748b49d,
changes,CHANGE-009-修复云服务器问题,archived,.harness/changes/CHANGE-009-修复云服务器问题/09-CI验证报告-v1.md,archive/changes/CHANGE-009-修复云服务器问题/09-CI验证报告-v1.md,748b49d,
changes,CHANGE-009-修复云服务器问题,archived,.harness/changes/CHANGE-009-修复云服务器问题/10-部署验证报告-v1.md,archive/changes/CHANGE-009-修复云服务器问题/10-部署验证报告-v1.md,a5d2939,
changes,CHANGE-010-画风文风风格选择,archived,.harness/changes/CHANGE-010-画风文风风格选择/01-需求分析.md,archive/changes/CHANGE-010-画风文风风格选择/01-需求分析.md,31b77ad,
changes,CHANGE-010-画风文风风格选择,archived,.harness/changes/CHANGE-010-画风文风风格选择/02-技术设计.md,archive/changes/CHANGE-010-画风文风风格选择/02-技术设计.md,31b77ad,
changes,CHANGE-010-画风文风风格选择,archived,.harness/changes/CHANGE-010-画风文风风格选择/03-编码计划.md,archive/changes/CHANGE-010-画风文风风格选择/03-编码计划.md,31b77ad,
changes,CHANGE-010-画风文风风格选择,archived,.harness/changes/CHANGE-010-画风文风风格选择/04-编码报告-v1.md,archive/changes/CHANGE-010-画风文风风格选择/04-编码报告-v1.md,31b77ad,
changes,CHANGE-010-画风文风风格选择,archived,.harness/changes/CHANGE-010-画风文风风格选择/05-代码检查报告-v1.md,archive/changes/CHANGE-010-画风文风风格选择/05-代码检查报告-v1.md,31b77ad,
changes,CHANGE-010-画风文风风格选择,archived,.harness/changes/CHANGE-010-画风文风风格选择/06-专家评审报告-v1.md,archive/changes/CHANGE-010-画风文风风格选择/06-专家评审报告-v1.md,31b77ad,
changes,CHANGE-010-画风文风风格选择,archived,.harness/changes/CHANGE-010-画风文风风格选择/07-单元测试报告-v1.md,archive/changes/CHANGE-010-画风文风风格选择/07-单元测试报告-v1.md,31b77ad,
changes,CHANGE-010-画风文风风格选择,archived,.harness/changes/CHANGE-010-画风文风风格选择/08-集成测试报告-v1.md,archive/changes/CHANGE-010-画风文风风格选择/08-集成测试报告-v1.md,31b77ad,
changes,CHANGE-010-画风文风风格选择,archived,.harness/changes/CHANGE-010-画风文风风格选择/09-CI验证报告-v1.md,archive/changes/CHANGE-010-画风文风风格选择/09-CI验证报告-v1.md,31b77ad,
changes,CHANGE-010-画风文风风格选择,archived,.harness/changes/CHANGE-010-画风文风风格选择/10-部署验证报告-v1.md,archive/changes/CHANGE-010-画风文风风格选择/10-部署验证报告-v1.md,31b77ad,
changes,CHANGE-010-画风文风风格选择,archived,.harness/changes/CHANGE-010-画风文风风格选择/summary.md,archive/changes/CHANGE-010-画风文风风格选择/summary.md,31b77ad,
changes,CHANGE-011-按卷生成,archived,.harness/changes/CHANGE-011-按卷生成/01-需求分析.md,archive/changes/CHANGE-011-按卷生成/01-需求分析.md,5cd389b,
changes,CHANGE-011-按卷生成,archived,.harness/changes/CHANGE-011-按卷生成/02-技术设计.md,archive/changes/CHANGE-011-按卷生成/02-技术设计.md,5cd389b,
changes,CHANGE-011-按卷生成,archived,.harness/changes/CHANGE-011-按卷生成/03-编码计划.md,archive/changes/CHANGE-011-按卷生成/03-编码计划.md,5cd389b,
changes,CHANGE-011-按卷生成,archived,.harness/changes/CHANGE-011-按卷生成/04-编码报告-v1.md,archive/changes/CHANGE-011-按卷生成/04-编码报告-v1.md,5cd389b,
changes,CHANGE-011-按卷生成,archived,.harness/changes/CHANGE-011-按卷生成/05-代码检查报告-v1.md,archive/changes/CHANGE-011-按卷生成/05-代码检查报告-v1.md,5cd389b,
changes,CHANGE-011-按卷生成,archived,.harness/changes/CHANGE-011-按卷生成/06-专家评审报告-v1.md,archive/changes/CHANGE-011-按卷生成/06-专家评审报告-v1.md,5cd389b,
changes,CHANGE-011-按卷生成,archived,.harness/changes/CHANGE-011-按卷生成/07-单元测试报告-v1.md,archive/changes/CHANGE-011-按卷生成/07-单元测试报告-v1.md,5cd389b,
changes,CHANGE-011-按卷生成,archived,.harness/changes/CHANGE-011-按卷生成/08-集成测试报告-v1.md,archive/changes/CHANGE-011-按卷生成/08-集成测试报告-v1.md,5cd389b,
changes,CHANGE-011-按卷生成,archived,.harness/changes/CHANGE-011-按卷生成/09-CI验证报告-v1.md,archive/changes/CHANGE-011-按卷生成/09-CI验证报告-v1.md,5cd389b,
changes,CHANGE-011-按卷生成,archived,.harness/changes/CHANGE-011-按卷生成/10-部署验证报告-v1.md,archive/changes/CHANGE-011-按卷生成/10-部署验证报告-v1.md,5cd389b,
changes,CHANGE-011-按卷生成,archived,.harness/changes/CHANGE-011-按卷生成/summary.md,archive/changes/CHANGE-011-按卷生成/summary.md,5cd389b,
changes,CHANGE-012-按章生成,archived,.harness/changes/CHANGE-012-按章生成/01-需求分析.md,archive/changes/CHANGE-012-按章生成/01-需求分析.md,290509d,
changes,CHANGE-012-按章生成,archived,.harness/changes/CHANGE-012-按章生成/02-技术设计.md,archive/changes/CHANGE-012-按章生成/02-技术设计.md,290509d,
changes,CHANGE-012-按章生成,archived,.harness/changes/CHANGE-012-按章生成/03-编码计划.md,archive/changes/CHANGE-012-按章生成/03-编码计划.md,290509d,
changes,CHANGE-012-按章生成,archived,.harness/changes/CHANGE-012-按章生成/04-编码报告-v1.md,archive/changes/CHANGE-012-按章生成/04-编码报告-v1.md,290509d,
changes,CHANGE-012-按章生成,archived,.harness/changes/CHANGE-012-按章生成/05-代码检查报告-v1.md,archive/changes/CHANGE-012-按章生成/05-代码检查报告-v1.md,290509d,
changes,CHANGE-012-按章生成,archived,.harness/changes/CHANGE-012-按章生成/06-专家评审报告-v1.md,archive/changes/CHANGE-012-按章生成/06-专家评审报告-v1.md,290509d,
changes,CHANGE-012-按章生成,archived,.harness/changes/CHANGE-012-按章生成/07-单元测试报告-v1.md,archive/changes/CHANGE-012-按章生成/07-单元测试报告-v1.md,290509d,
changes,CHANGE-012-按章生成,archived,.harness/changes/CHANGE-012-按章生成/08-集成测试报告-v1.md,archive/changes/CHANGE-012-按章生成/08-集成测试报告-v1.md,290509d,
changes,CHANGE-012-按章生成,archived,.harness/changes/CHANGE-012-按章生成/09-CI验证报告-v1.md,archive/changes/CHANGE-012-按章生成/09-CI验证报告-v1.md,290509d,
changes,CHANGE-012-按章生成,archived,.harness/changes/CHANGE-012-按章生成/10-部署验证报告-v1.md,archive/changes/CHANGE-012-按章生成/10-部署验证报告-v1.md,290509d,
changes,CHANGE-012-按章生成,archived,.harness/changes/CHANGE-012-按章生成/summary.md,archive/changes/CHANGE-012-按章生成/summary.md,290509d,
changes,CHANGE-013-人机交互问答生成,archived,.harness/changes/CHANGE-013-人机交互问答生成/.gate1-approved,archive/changes/CHANGE-013-人机交互问答生成/.gate1-approved,ec35bfa,
changes,CHANGE-013-人机交互问答生成,archived,.harness/changes/CHANGE-013-人机交互问答生成/01-需求分析.md,archive/changes/CHANGE-013-人机交互问答生成/01-需求分析.md,ec35bfa,
changes,CHANGE-013-人机交互问答生成,archived,.harness/changes/CHANGE-013-人机交互问答生成/02-技术设计.md,archive/changes/CHANGE-013-人机交互问答生成/02-技术设计.md,ec35bfa,
changes,CHANGE-013-人机交互问答生成,archived,.harness/changes/CHANGE-013-人机交互问答生成/03-编码计划.md,archive/changes/CHANGE-013-人机交互问答生成/03-编码计划.md,ec35bfa,
changes,CHANGE-013-人机交互问答生成,archived,.harness/changes/CHANGE-013-人机交互问答生成/04-编码报告-v1.md,archive/changes/CHANGE-013-人机交互问答生成/04-编码报告-v1.md,ec35bfa,
changes,CHANGE-013-人机交互问答生成,archived,.harness/changes/CHANGE-013-人机交互问答生成/05-代码检查报告-v1.md,archive/changes/CHANGE-013-人机交互问答生成/05-代码检查报告-v1.md,ec35bfa,
changes,CHANGE-013-人机交互问答生成,archived,.harness/changes/CHANGE-013-人机交互问答生成/06-专家评审报告-v1.md,archive/changes/CHANGE-013-人机交互问答生成/06-专家评审报告-v1.md,ec35bfa,
changes,CHANGE-013-人机交互问答生成,archived,.harness/changes/CHANGE-013-人机交互问答生成/07-单元测试报告-v1.md,archive/changes/CHANGE-013-人机交互问答生成/07-单元测试报告-v1.md,ec35bfa,
changes,CHANGE-013-人机交互问答生成,archived,.harness/changes/CHANGE-013-人机交互问答生成/08-集成测试报告-v1.md,archive/changes/CHANGE-013-人机交互问答生成/08-集成测试报告-v1.md,ec35bfa,
changes,CHANGE-013-人机交互问答生成,archived,.harness/changes/CHANGE-013-人机交互问答生成/09-CI验证报告-v1.md,archive/changes/CHANGE-013-人机交互问答生成/09-CI验证报告-v1.md,ec35bfa,
changes,CHANGE-013-人机交互问答生成,archived,.harness/changes/CHANGE-013-人机交互问答生成/10-部署验证报告-v1.md,archive/changes/CHANGE-013-人机交互问答生成/10-部署验证报告-v1.md,ec35bfa,
changes,CHANGE-013-人机交互问答生成,archived,.harness/changes/CHANGE-013-人机交互问答生成/summary.md,archive/changes/CHANGE-013-人机交互问答生成/summary.md,ec35bfa,
changes,CHANGE-014-自定义文风LLM生成,archived,.harness/changes/CHANGE-014-自定义文风LLM生成/.gate1-approved,archive/changes/CHANGE-014-自定义文风LLM生成/.gate1-approved,1cf18c0,
changes,CHANGE-014-自定义文风LLM生成,archived,.harness/changes/CHANGE-014-自定义文风LLM生成/01-需求分析.md,archive/changes/CHANGE-014-自定义文风LLM生成/01-需求分析.md,1cf18c0,
changes,CHANGE-014-自定义文风LLM生成,archived,.harness/changes/CHANGE-014-自定义文风LLM生成/02-技术设计.md,archive/changes/CHANGE-014-自定义文风LLM生成/02-技术设计.md,1cf18c0,
changes,CHANGE-014-自定义文风LLM生成,archived,.harness/changes/CHANGE-014-自定义文风LLM生成/03-编码计划.md,archive/changes/CHANGE-014-自定义文风LLM生成/03-编码计划.md,1cf18c0,
changes,CHANGE-014-自定义文风LLM生成,archived,.harness/changes/CHANGE-014-自定义文风LLM生成/04-编码报告-v1.md,archive/changes/CHANGE-014-自定义文风LLM生成/04-编码报告-v1.md,1cf18c0,
changes,CHANGE-014-自定义文风LLM生成,archived,.harness/changes/CHANGE-014-自定义文风LLM生成/05-代码检查报告-v1.md,archive/changes/CHANGE-014-自定义文风LLM生成/05-代码检查报告-v1.md,1cf18c0,
changes,CHANGE-014-自定义文风LLM生成,archived,.harness/changes/CHANGE-014-自定义文风LLM生成/06-专家评审报告-v1.md,archive/changes/CHANGE-014-自定义文风LLM生成/06-专家评审报告-v1.md,1cf18c0,
changes,CHANGE-014-自定义文风LLM生成,archived,.harness/changes/CHANGE-014-自定义文风LLM生成/07-单元测试报告-v1.md,archive/changes/CHANGE-014-自定义文风LLM生成/07-单元测试报告-v1.md,1cf18c0,
changes,CHANGE-014-自定义文风LLM生成,archived,.harness/changes/CHANGE-014-自定义文风LLM生成/08-集成测试报告-v1.md,archive/changes/CHANGE-014-自定义文风LLM生成/08-集成测试报告-v1.md,1cf18c0,
changes,CHANGE-014-自定义文风LLM生成,archived,.harness/changes/CHANGE-014-自定义文风LLM生成/09-CI验证报告-v1.md,archive/changes/CHANGE-014-自定义文风LLM生成/09-CI验证报告-v1.md,1cf18c0,
changes,CHANGE-014-自定义文风LLM生成,archived,.harness/changes/CHANGE-014-自定义文风LLM生成/10-部署验证报告-v1.md,archive/changes/CHANGE-014-自定义文风LLM生成/10-部署验证报告-v1.md,cf2feb4,
changes,CHANGE-014-自定义文风LLM生成,archived,.harness/changes/CHANGE-014-自定义文风LLM生成/summary.md,archive/changes/CHANGE-014-自定义文风LLM生成/summary.md,cf2feb4,
changes,CHANGE-015-前端UX全面修复,archived,.harness/changes/CHANGE-015-前端UX全面修复/.gate1-approved,archive/changes/CHANGE-015-前端UX全面修复/.gate1-approved,1221de7,
changes,CHANGE-015-前端UX全面修复,archived,.harness/changes/CHANGE-015-前端UX全面修复/01-需求分析.md,archive/changes/CHANGE-015-前端UX全面修复/01-需求分析.md,1221de7,
changes,CHANGE-015-前端UX全面修复,archived,.harness/changes/CHANGE-015-前端UX全面修复/02-技术设计.md,archive/changes/CHANGE-015-前端UX全面修复/02-技术设计.md,1221de7,
changes,CHANGE-015-前端UX全面修复,archived,.harness/changes/CHANGE-015-前端UX全面修复/03-编码计划.md,archive/changes/CHANGE-015-前端UX全面修复/03-编码计划.md,1221de7,
changes,CHANGE-015-前端UX全面修复,archived,.harness/changes/CHANGE-015-前端UX全面修复/04-编码报告-v1.md,archive/changes/CHANGE-015-前端UX全面修复/04-编码报告-v1.md,1221de7,
changes,CHANGE-015-前端UX全面修复,archived,.harness/changes/CHANGE-015-前端UX全面修复/05-代码检查报告-v1.md,archive/changes/CHANGE-015-前端UX全面修复/05-代码检查报告-v1.md,1221de7,
changes,CHANGE-015-前端UX全面修复,archived,.harness/changes/CHANGE-015-前端UX全面修复/06-专家评审报告-v1.md,archive/changes/CHANGE-015-前端UX全面修复/06-专家评审报告-v1.md,1221de7,
changes,CHANGE-015-前端UX全面修复,archived,.harness/changes/CHANGE-015-前端UX全面修复/07-单元测试报告-v1.md,archive/changes/CHANGE-015-前端UX全面修复/07-单元测试报告-v1.md,1221de7,
changes,CHANGE-015-前端UX全面修复,archived,.harness/changes/CHANGE-015-前端UX全面修复/08-集成测试报告-v1.md,archive/changes/CHANGE-015-前端UX全面修复/08-集成测试报告-v1.md,1221de7,
changes,CHANGE-015-前端UX全面修复,archived,.harness/changes/CHANGE-015-前端UX全面修复/09-CI验证报告-v1.md,archive/changes/CHANGE-015-前端UX全面修复/09-CI验证报告-v1.md,1221de7,
changes,CHANGE-015-前端UX全面修复,archived,.harness/changes/CHANGE-015-前端UX全面修复/10-部署验证报告-v1.md,archive/changes/CHANGE-015-前端UX全面修复/10-部署验证报告-v1.md,f62f766,
changes,CHANGE-015-前端UX全面修复,archived,.harness/changes/CHANGE-015-前端UX全面修复/summary.md,archive/changes/CHANGE-015-前端UX全面修复/summary.md,f62f766,
changes,CHANGE-016-大纲体系重构,archived,.harness/changes/CHANGE-016-大纲体系重构/.gate1-approved,archive/changes/CHANGE-016-大纲体系重构/.gate1-approved,311fab6,
changes,CHANGE-016-大纲体系重构,archived,.harness/changes/CHANGE-016-大纲体系重构/01-需求分析.md,archive/changes/CHANGE-016-大纲体系重构/01-需求分析.md,311fab6,
changes,CHANGE-016-大纲体系重构,archived,.harness/changes/CHANGE-016-大纲体系重构/02-技术设计.md,archive/changes/CHANGE-016-大纲体系重构/02-技术设计.md,311fab6,
changes,CHANGE-016-大纲体系重构,archived,.harness/changes/CHANGE-016-大纲体系重构/03-编码计划.md,archive/changes/CHANGE-016-大纲体系重构/03-编码计划.md,311fab6,
changes,CHANGE-016-大纲体系重构,archived,.harness/changes/CHANGE-016-大纲体系重构/04-编码报告-v1.md,archive/changes/CHANGE-016-大纲体系重构/04-编码报告-v1.md,311fab6,
changes,CHANGE-016-大纲体系重构,archived,.harness/changes/CHANGE-016-大纲体系重构/05-代码检查报告-v1.md,archive/changes/CHANGE-016-大纲体系重构/05-代码检查报告-v1.md,311fab6,
changes,CHANGE-016-大纲体系重构,archived,.harness/changes/CHANGE-016-大纲体系重构/06-专家评审报告-v1.md,archive/changes/CHANGE-016-大纲体系重构/06-专家评审报告-v1.md,311fab6,
changes,CHANGE-016-大纲体系重构,archived,.harness/changes/CHANGE-016-大纲体系重构/07-单元测试报告-v1.md,archive/changes/CHANGE-016-大纲体系重构/07-单元测试报告-v1.md,311fab6,
changes,CHANGE-016-大纲体系重构,archived,.harness/changes/CHANGE-016-大纲体系重构/08-集成测试报告-v1.md,archive/changes/CHANGE-016-大纲体系重构/08-集成测试报告-v1.md,311fab6,
changes,CHANGE-016-大纲体系重构,archived,.harness/changes/CHANGE-016-大纲体系重构/09-CI验证报告-v1.md,archive/changes/CHANGE-016-大纲体系重构/09-CI验证报告-v1.md,311fab6,
changes,CHANGE-016-大纲体系重构,archived,.harness/changes/CHANGE-016-大纲体系重构/10-部署验证报告-v1.md,archive/changes/CHANGE-016-大纲体系重构/10-部署验证报告-v1.md,b0771e1,
changes,CHANGE-016-大纲体系重构,archived,.harness/changes/CHANGE-016-大纲体系重构/summary.md,archive/changes/CHANGE-016-大纲体系重构/summary.md,b0771e1,
changes,CHANGE-017-故事线人物弧光场景,archived,.harness/changes/CHANGE-017-故事线人物弧光场景/.gate1-approved,archive/changes/CHANGE-017-故事线人物弧光场景/.gate1-approved,f7d19a3,
changes,CHANGE-017-故事线人物弧光场景,archived,.harness/changes/CHANGE-017-故事线人物弧光场景/01-需求分析.md,archive/changes/CHANGE-017-故事线人物弧光场景/01-需求分析.md,f7d19a3,
changes,CHANGE-017-故事线人物弧光场景,archived,.harness/changes/CHANGE-017-故事线人物弧光场景/02-技术设计.md,archive/changes/CHANGE-017-故事线人物弧光场景/02-技术设计.md,f7d19a3,
changes,CHANGE-017-故事线人物弧光场景,archived,.harness/changes/CHANGE-017-故事线人物弧光场景/03-编码计划.md,archive/changes/CHANGE-017-故事线人物弧光场景/03-编码计划.md,f7d19a3,
changes,CHANGE-017-故事线人物弧光场景,archived,.harness/changes/CHANGE-017-故事线人物弧光场景/04-编码报告-v1.md,archive/changes/CHANGE-017-故事线人物弧光场景/04-编码报告-v1.md,f7d19a3,
changes,CHANGE-017-故事线人物弧光场景,archived,.harness/changes/CHANGE-017-故事线人物弧光场景/05-代码检查报告-v1.md,archive/changes/CHANGE-017-故事线人物弧光场景/05-代码检查报告-v1.md,f7d19a3,
changes,CHANGE-017-故事线人物弧光场景,archived,.harness/changes/CHANGE-017-故事线人物弧光场景/06-专家评审报告-v1.md,archive/changes/CHANGE-017-故事线人物弧光场景/06-专家评审报告-v1.md,f7d19a3,
changes,CHANGE-017-故事线人物弧光场景,archived,.harness/changes/CHANGE-017-故事线人物弧光场景/07-单元测试报告-v1.md,archive/changes/CHANGE-017-故事线人物弧光场景/07-单元测试报告-v1.md,f7d19a3,
changes,CHANGE-017-故事线人物弧光场景,archived,.harness/changes/CHANGE-017-故事线人物弧光场景/08-集成测试报告-v1.md,archive/changes/CHANGE-017-故事线人物弧光场景/08-集成测试报告-v1.md,f7d19a3,
changes,CHANGE-017-故事线人物弧光场景,archived,.harness/changes/CHANGE-017-故事线人物弧光场景/09-CI验证报告-v1.md,archive/changes/CHANGE-017-故事线人物弧光场景/09-CI验证报告-v1.md,f7d19a3,
changes,CHANGE-017-故事线人物弧光场景,archived,.harness/changes/CHANGE-017-故事线人物弧光场景/10-部署验证报告-v1.md,archive/changes/CHANGE-017-故事线人物弧光场景/10-部署验证报告-v1.md,0aa722d,
changes,CHANGE-017-故事线人物弧光场景,archived,.harness/changes/CHANGE-017-故事线人物弧光场景/summary.md,archive/changes/CHANGE-017-故事线人物弧光场景/summary.md,0aa722d,
changes,CHANGE-018-三元图谱树形可视化,archived,.harness/changes/CHANGE-018-三元图谱树形可视化/.gate1-approved,archive/changes/CHANGE-018-三元图谱树形可视化/.gate1-approved,0aa722d,
changes,CHANGE-018-三元图谱树形可视化,archived,.harness/changes/CHANGE-018-三元图谱树形可视化/01-需求分析.md,archive/changes/CHANGE-018-三元图谱树形可视化/01-需求分析.md,0aa722d,
changes,CHANGE-018-三元图谱树形可视化,archived,.harness/changes/CHANGE-018-三元图谱树形可视化/02-技术设计.md,archive/changes/CHANGE-018-三元图谱树形可视化/02-技术设计.md,0aa722d,
changes,CHANGE-018-三元图谱树形可视化,archived,.harness/changes/CHANGE-018-三元图谱树形可视化/03-编码计划.md,archive/changes/CHANGE-018-三元图谱树形可视化/03-编码计划.md,0aa722d,
changes,CHANGE-018-三元图谱树形可视化,archived,.harness/changes/CHANGE-018-三元图谱树形可视化/04-编码报告-v1.md,archive/changes/CHANGE-018-三元图谱树形可视化/04-编码报告-v1.md,0aa722d,
changes,CHANGE-018-三元图谱树形可视化,archived,.harness/changes/CHANGE-018-三元图谱树形可视化/05-代码检查报告-v1.md,archive/changes/CHANGE-018-三元图谱树形可视化/05-代码检查报告-v1.md,a1c97a2,
changes,CHANGE-018-三元图谱树形可视化,archived,.harness/changes/CHANGE-018-三元图谱树形可视化/06-专家评审报告-v1.md,archive/changes/CHANGE-018-三元图谱树形可视化/06-专家评审报告-v1.md,a1c97a2,
changes,CHANGE-018-三元图谱树形可视化,archived,.harness/changes/CHANGE-018-三元图谱树形可视化/07-单元测试报告-v1.md,archive/changes/CHANGE-018-三元图谱树形可视化/07-单元测试报告-v1.md,a1c97a2,
changes,CHANGE-018-三元图谱树形可视化,archived,.harness/changes/CHANGE-018-三元图谱树形可视化/08-集成测试报告-v1.md,archive/changes/CHANGE-018-三元图谱树形可视化/08-集成测试报告-v1.md,a1c97a2,
changes,CHANGE-018-三元图谱树形可视化,archived,.harness/changes/CHANGE-018-三元图谱树形可视化/09-CI验证报告-v1.md,archive/changes/CHANGE-018-三元图谱树形可视化/09-CI验证报告-v1.md,a1c97a2,
changes,CHANGE-018-三元图谱树形可视化,archived,.harness/changes/CHANGE-018-三元图谱树形可视化/10-部署验证报告-v1.md,archive/changes/CHANGE-018-三元图谱树形可视化/10-部署验证报告-v1.md,05e0370,
changes,CHANGE-018-三元图谱树形可视化,archived,.harness/changes/CHANGE-018-三元图谱树形可视化/summary.md,archive/changes/CHANGE-018-三元图谱树形可视化/summary.md,05e0370,
changes,CHANGE-019-功能修复与集成检查,archived,.harness/changes/CHANGE-019-功能修复与集成检查/.gate1-approved,archive/changes/CHANGE-019-功能修复与集成检查/.gate1-approved,a1c97a2,
changes,CHANGE-019-功能修复与集成检查,archived,.harness/changes/CHANGE-019-功能修复与集成检查/01-需求分析.md,archive/changes/CHANGE-019-功能修复与集成检查/01-需求分析.md,a1c97a2,
changes,CHANGE-019-功能修复与集成检查,archived,.harness/changes/CHANGE-019-功能修复与集成检查/02-技术设计.md,archive/changes/CHANGE-019-功能修复与集成检查/02-技术设计.md,a1c97a2,
changes,CHANGE-019-功能修复与集成检查,archived,.harness/changes/CHANGE-019-功能修复与集成检查/03-编码计划.md,archive/changes/CHANGE-019-功能修复与集成检查/03-编码计划.md,a1c97a2,
changes,CHANGE-019-功能修复与集成检查,archived,.harness/changes/CHANGE-019-功能修复与集成检查/04-编码报告-v1.md,archive/changes/CHANGE-019-功能修复与集成检查/04-编码报告-v1.md,a1c97a2,
changes,CHANGE-019-功能修复与集成检查,archived,.harness/changes/CHANGE-019-功能修复与集成检查/05-代码检查报告-v1.md,archive/changes/CHANGE-019-功能修复与集成检查/05-代码检查报告-v1.md,a1c97a2,
changes,CHANGE-019-功能修复与集成检查,archived,.harness/changes/CHANGE-019-功能修复与集成检查/06-专家评审报告-v1.md,archive/changes/CHANGE-019-功能修复与集成检查/06-专家评审报告-v1.md,a1c97a2,
changes,CHANGE-019-功能修复与集成检查,archived,.harness/changes/CHANGE-019-功能修复与集成检查/07-单元测试报告-v1.md,archive/changes/CHANGE-019-功能修复与集成检查/07-单元测试报告-v1.md,a1c97a2,
changes,CHANGE-019-功能修复与集成检查,archived,.harness/changes/CHANGE-019-功能修复与集成检查/08-集成测试报告-v1.md,archive/changes/CHANGE-019-功能修复与集成检查/08-集成测试报告-v1.md,a1c97a2,
changes,CHANGE-019-功能修复与集成检查,archived,.harness/changes/CHANGE-019-功能修复与集成检查/09-CI验证报告-v1.md,archive/changes/CHANGE-019-功能修复与集成检查/09-CI验证报告-v1.md,a1c97a2,
changes,CHANGE-019-功能修复与集成检查,archived,.harness/changes/CHANGE-019-功能修复与集成检查/10-部署验证报告-v1.md,archive/changes/CHANGE-019-功能修复与集成检查/10-部署验证报告-v1.md,a1c97a2,
changes,CHANGE-019-功能修复与集成检查,archived,.harness/changes/CHANGE-019-功能修复与集成检查/summary.md,archive/changes/CHANGE-019-功能修复与集成检查/summary.md,a1c97a2,
changes,CHANGE-020-人机交互升级,archived,.harness/changes/CHANGE-020-人机交互升级/.gate1-approved,archive/changes/CHANGE-020-人机交互升级/.gate1-approved,412e916,
changes,CHANGE-020-人机交互升级,archived,.harness/changes/CHANGE-020-人机交互升级/01-需求分析.md,archive/changes/CHANGE-020-人机交互升级/01-需求分析.md,412e916,
changes,CHANGE-020-人机交互升级,archived,.harness/changes/CHANGE-020-人机交互升级/02-技术设计.md,archive/changes/CHANGE-020-人机交互升级/02-技术设计.md,412e916,
changes,CHANGE-020-人机交互升级,archived,.harness/changes/CHANGE-020-人机交互升级/03-编码计划.md,archive/changes/CHANGE-020-人机交互升级/03-编码计划.md,412e916,
changes,CHANGE-020-人机交互升级,archived,.harness/changes/CHANGE-020-人机交互升级/04-编码报告-v1.md,archive/changes/CHANGE-020-人机交互升级/04-编码报告-v1.md,412e916,
changes,CHANGE-020-人机交互升级,archived,.harness/changes/CHANGE-020-人机交互升级/05-代码检查报告-v1.md,archive/changes/CHANGE-020-人机交互升级/05-代码检查报告-v1.md,7150678,
changes,CHANGE-020-人机交互升级,archived,.harness/changes/CHANGE-020-人机交互升级/06-专家评审报告-v1.md,archive/changes/CHANGE-020-人机交互升级/06-专家评审报告-v1.md,7150678,
changes,CHANGE-020-人机交互升级,archived,.harness/changes/CHANGE-020-人机交互升级/07-单元测试报告-v1.md,archive/changes/CHANGE-020-人机交互升级/07-单元测试报告-v1.md,7150678,
changes,CHANGE-020-人机交互升级,archived,.harness/changes/CHANGE-020-人机交互升级/08-集成测试报告-v1.md,archive/changes/CHANGE-020-人机交互升级/08-集成测试报告-v1.md,7150678,
changes,CHANGE-020-人机交互升级,archived,.harness/changes/CHANGE-020-人机交互升级/09-CI验证报告-v1.md,archive/changes/CHANGE-020-人机交互升级/09-CI验证报告-v1.md,7150678,
changes,CHANGE-020-人机交互升级,archived,.harness/changes/CHANGE-020-人机交互升级/10-部署验证报告-v1.md,archive/changes/CHANGE-020-人机交互升级/10-部署验证报告-v1.md,412e916,
changes,CHANGE-020-人机交互升级,archived,.harness/changes/CHANGE-020-人机交互升级/summary.md,archive/changes/CHANGE-020-人机交互升级/summary.md,412e916,
changes,CHANGE-021-章节管理与UI优化,archived,.harness/changes/CHANGE-021-章节管理与UI优化/.gate1-approved,archive/changes/CHANGE-021-章节管理与UI优化/.gate1-approved,5e8121e,
changes,CHANGE-021-章节管理与UI优化,archived,.harness/changes/CHANGE-021-章节管理与UI优化/01-需求分析.md,archive/changes/CHANGE-021-章节管理与UI优化/01-需求分析.md,5e8121e,
changes,CHANGE-021-章节管理与UI优化,archived,.harness/changes/CHANGE-021-章节管理与UI优化/02-技术设计.md,archive/changes/CHANGE-021-章节管理与UI优化/02-技术设计.md,5e8121e,
changes,CHANGE-021-章节管理与UI优化,archived,.harness/changes/CHANGE-021-章节管理与UI优化/03-编码计划.md,archive/changes/CHANGE-021-章节管理与UI优化/03-编码计划.md,5e8121e,
changes,CHANGE-021-章节管理与UI优化,archived,.harness/changes/CHANGE-021-章节管理与UI优化/04-编码报告-v1.md,archive/changes/CHANGE-021-章节管理与UI优化/04-编码报告-v1.md,5e8121e,
changes,CHANGE-021-章节管理与UI优化,archived,.harness/changes/CHANGE-021-章节管理与UI优化/05-代码检查报告-v1.md,archive/changes/CHANGE-021-章节管理与UI优化/05-代码检查报告-v1.md,5e8121e,
changes,CHANGE-021-章节管理与UI优化,archived,.harness/changes/CHANGE-021-章节管理与UI优化/06-专家评审报告-v1.md,archive/changes/CHANGE-021-章节管理与UI优化/06-专家评审报告-v1.md,5e8121e,
changes,CHANGE-021-章节管理与UI优化,archived,.harness/changes/CHANGE-021-章节管理与UI优化/07-单元测试报告-v1.md,archive/changes/CHANGE-021-章节管理与UI优化/07-单元测试报告-v1.md,5e8121e,
changes,CHANGE-021-章节管理与UI优化,archived,.harness/changes/CHANGE-021-章节管理与UI优化/08-集成测试报告-v1.md,archive/changes/CHANGE-021-章节管理与UI优化/08-集成测试报告-v1.md,5e8121e,
changes,CHANGE-021-章节管理与UI优化,archived,.harness/changes/CHANGE-021-章节管理与UI优化/09-CI验证报告-v1.md,archive/changes/CHANGE-021-章节管理与UI优化/09-CI验证报告-v1.md,5e8121e,
changes,CHANGE-021-章节管理与UI优化,archived,.harness/changes/CHANGE-021-章节管理与UI优化/10-部署验证报告-v1.md,archive/changes/CHANGE-021-章节管理与UI优化/10-部署验证报告-v1.md,5e8121e,
changes,CHANGE-021-章节管理与UI优化,archived,.harness/changes/CHANGE-021-章节管理与UI优化/summary.md,archive/changes/CHANGE-021-章节管理与UI优化/summary.md,5e8121e,
changes,CHANGE-022-Review问题修复,archived,.harness/changes/CHANGE-022-Review问题修复/.gate1-approved,archive/changes/CHANGE-022-Review问题修复/.gate1-approved,30a12ee,
changes,CHANGE-022-Review问题修复,archived,.harness/changes/CHANGE-022-Review问题修复/01-需求分析.md,archive/changes/CHANGE-022-Review问题修复/01-需求分析.md,30a12ee,
changes,CHANGE-022-Review问题修复,archived,.harness/changes/CHANGE-022-Review问题修复/02-技术设计.md,archive/changes/CHANGE-022-Review问题修复/02-技术设计.md,30a12ee,
changes,CHANGE-022-Review问题修复,archived,.harness/changes/CHANGE-022-Review问题修复/03-编码计划.md,archive/changes/CHANGE-022-Review问题修复/03-编码计划.md,30a12ee,
changes,CHANGE-022-Review问题修复,archived,.harness/changes/CHANGE-022-Review问题修复/04-编码报告-v1.md,archive/changes/CHANGE-022-Review问题修复/04-编码报告-v1.md,30a12ee,
changes,CHANGE-022-Review问题修复,archived,.harness/changes/CHANGE-022-Review问题修复/05-代码检查报告-v1.md,archive/changes/CHANGE-022-Review问题修复/05-代码检查报告-v1.md,30a12ee,
changes,CHANGE-022-Review问题修复,archived,.harness/changes/CHANGE-022-Review问题修复/06-专家评审报告-v1.md,archive/changes/CHANGE-022-Review问题修复/06-专家评审报告-v1.md,30a12ee,
changes,CHANGE-022-Review问题修复,archived,.harness/changes/CHANGE-022-Review问题修复/07-单元测试报告-v1.md,archive/changes/CHANGE-022-Review问题修复/07-单元测试报告-v1.md,30a12ee,
changes,CHANGE-022-Review问题修复,archived,.harness/changes/CHANGE-022-Review问题修复/08-集成测试报告-v1.md,archive/changes/CHANGE-022-Review问题修复/08-集成测试报告-v1.md,30a12ee,
changes,CHANGE-022-Review问题修复,archived,.harness/changes/CHANGE-022-Review问题修复/09-CI验证报告-v1.md,archive/changes/CHANGE-022-Review问题修复/09-CI验证报告-v1.md,30a12ee,
changes,CHANGE-022-Review问题修复,archived,.harness/changes/CHANGE-022-Review问题修复/10-部署验证报告-v1.md,archive/changes/CHANGE-022-Review问题修复/10-部署验证报告-v1.md,30a12ee,
changes,CHANGE-022-Review问题修复,archived,.harness/changes/CHANGE-022-Review问题修复/summary.md,archive/changes/CHANGE-022-Review问题修复/summary.md,30a12ee,
changes,CHANGE-023-数据隔离与健壮性修复,archived,.harness/changes/CHANGE-023-数据隔离与健壮性修复/.gate1-approved,archive/changes/CHANGE-023-数据隔离与健壮性修复/.gate1-approved,f5e8c3e,
changes,CHANGE-023-数据隔离与健壮性修复,archived,.harness/changes/CHANGE-023-数据隔离与健壮性修复/01-需求分析.md,archive/changes/CHANGE-023-数据隔离与健壮性修复/01-需求分析.md,f5e8c3e,
changes,CHANGE-023-数据隔离与健壮性修复,archived,.harness/changes/CHANGE-023-数据隔离与健壮性修复/02-技术设计.md,archive/changes/CHANGE-023-数据隔离与健壮性修复/02-技术设计.md,f5e8c3e,
changes,CHANGE-023-数据隔离与健壮性修复,archived,.harness/changes/CHANGE-023-数据隔离与健壮性修复/03-编码计划.md,archive/changes/CHANGE-023-数据隔离与健壮性修复/03-编码计划.md,f5e8c3e,
changes,CHANGE-023-数据隔离与健壮性修复,archived,.harness/changes/CHANGE-023-数据隔离与健壮性修复/04-编码报告-v1.md,archive/changes/CHANGE-023-数据隔离与健壮性修复/04-编码报告-v1.md,f5e8c3e,
changes,CHANGE-023-数据隔离与健壮性修复,archived,.harness/changes/CHANGE-023-数据隔离与健壮性修复/05-代码检查报告-v1.md,archive/changes/CHANGE-023-数据隔离与健壮性修复/05-代码检查报告-v1.md,f5e8c3e,
changes,CHANGE-023-数据隔离与健壮性修复,archived,.harness/changes/CHANGE-023-数据隔离与健壮性修复/06-专家评审报告-v1.md,archive/changes/CHANGE-023-数据隔离与健壮性修复/06-专家评审报告-v1.md,f5e8c3e,
changes,CHANGE-023-数据隔离与健壮性修复,archived,.harness/changes/CHANGE-023-数据隔离与健壮性修复/07-单元测试报告-v1.md,archive/changes/CHANGE-023-数据隔离与健壮性修复/07-单元测试报告-v1.md,f5e8c3e,
changes,CHANGE-023-数据隔离与健壮性修复,archived,.harness/changes/CHANGE-023-数据隔离与健壮性修复/08-集成测试报告-v1.md,archive/changes/CHANGE-023-数据隔离与健壮性修复/08-集成测试报告-v1.md,f5e8c3e,
changes,CHANGE-023-数据隔离与健壮性修复,archived,.harness/changes/CHANGE-023-数据隔离与健壮性修复/09-CI验证报告-v1.md,archive/changes/CHANGE-023-数据隔离与健壮性修复/09-CI验证报告-v1.md,f5e8c3e,
changes,CHANGE-023-数据隔离与健壮性修复,archived,.harness/changes/CHANGE-023-数据隔离与健壮性修复/10-部署验证报告-v1.md,archive/changes/CHANGE-023-数据隔离与健壮性修复/10-部署验证报告-v1.md,f5e8c3e,
changes,CHANGE-023-数据隔离与健壮性修复,archived,.harness/changes/CHANGE-023-数据隔离与健壮性修复/summary.md,archive/changes/CHANGE-023-数据隔离与健壮性修复/summary.md,f5e8c3e,
changes,CHANGE-024-数据隔离收口与跨小说负例测试,archived,.harness/changes/CHANGE-024-数据隔离收口与跨小说负例测试/.gate1-approved,archive/changes/CHANGE-024-数据隔离收口与跨小说负例测试/.gate1-approved,03fe5fd,
changes,CHANGE-024-数据隔离收口与跨小说负例测试,archived,.harness/changes/CHANGE-024-数据隔离收口与跨小说负例测试/01-需求分析.md,archive/changes/CHANGE-024-数据隔离收口与跨小说负例测试/01-需求分析.md,03fe5fd,
changes,CHANGE-024-数据隔离收口与跨小说负例测试,archived,.harness/changes/CHANGE-024-数据隔离收口与跨小说负例测试/02-技术设计.md,archive/changes/CHANGE-024-数据隔离收口与跨小说负例测试/02-技术设计.md,03fe5fd,
changes,CHANGE-024-数据隔离收口与跨小说负例测试,archived,.harness/changes/CHANGE-024-数据隔离收口与跨小说负例测试/03-编码计划.md,archive/changes/CHANGE-024-数据隔离收口与跨小说负例测试/03-编码计划.md,03fe5fd,
changes,CHANGE-024-数据隔离收口与跨小说负例测试,archived,.harness/changes/CHANGE-024-数据隔离收口与跨小说负例测试/04-编码报告-v1.md,archive/changes/CHANGE-024-数据隔离收口与跨小说负例测试/04-编码报告-v1.md,03fe5fd,
changes,CHANGE-024-数据隔离收口与跨小说负例测试,archived,.harness/changes/CHANGE-024-数据隔离收口与跨小说负例测试/05-代码检查报告-v1.md,archive/changes/CHANGE-024-数据隔离收口与跨小说负例测试/05-代码检查报告-v1.md,03fe5fd,
changes,CHANGE-024-数据隔离收口与跨小说负例测试,archived,.harness/changes/CHANGE-024-数据隔离收口与跨小说负例测试/06-专家评审报告-v1.md,archive/changes/CHANGE-024-数据隔离收口与跨小说负例测试/06-专家评审报告-v1.md,03fe5fd,
changes,CHANGE-024-数据隔离收口与跨小说负例测试,archived,.harness/changes/CHANGE-024-数据隔离收口与跨小说负例测试/07-单元测试报告-v1.md,archive/changes/CHANGE-024-数据隔离收口与跨小说负例测试/07-单元测试报告-v1.md,03fe5fd,
changes,CHANGE-024-数据隔离收口与跨小说负例测试,archived,.harness/changes/CHANGE-024-数据隔离收口与跨小说负例测试/08-集成测试报告-v1.md,archive/changes/CHANGE-024-数据隔离收口与跨小说负例测试/08-集成测试报告-v1.md,03fe5fd,
changes,CHANGE-024-数据隔离收口与跨小说负例测试,archived,.harness/changes/CHANGE-024-数据隔离收口与跨小说负例测试/09-CI验证报告-v1.md,archive/changes/CHANGE-024-数据隔离收口与跨小说负例测试/09-CI验证报告-v1.md,03fe5fd,
changes,CHANGE-024-数据隔离收口与跨小说负例测试,archived,.harness/changes/CHANGE-024-数据隔离收口与跨小说负例测试/10-部署验证报告-v1.md,archive/changes/CHANGE-024-数据隔离收口与跨小说负例测试/10-部署验证报告-v1.md,03fe5fd,
changes,CHANGE-024-数据隔离收口与跨小说负例测试,archived,.harness/changes/CHANGE-024-数据隔离收口与跨小说负例测试/summary.md,archive/changes/CHANGE-024-数据隔离收口与跨小说负例测试/summary.md,03fe5fd,
changes,CHANGE-025-概览编辑与大纲修复,archived,.harness/changes/CHANGE-025-概览编辑与大纲修复/01-需求分析.md,archive/changes/CHANGE-025-概览编辑与大纲修复/01-需求分析.md,03fe5fd,
changes,CHANGE-025-概览编辑与大纲修复,archived,.harness/changes/CHANGE-025-概览编辑与大纲修复/02-技术设计.md,archive/changes/CHANGE-025-概览编辑与大纲修复/02-技术设计.md,03fe5fd,
changes,CHANGE-025-概览编辑与大纲修复,archived,.harness/changes/CHANGE-025-概览编辑与大纲修复/04-编码报告-v1.md,archive/changes/CHANGE-025-概览编辑与大纲修复/04-编码报告-v1.md,03fe5fd,
changes,CHANGE-025-概览编辑与大纲修复,archived,.harness/changes/CHANGE-025-概览编辑与大纲修复/07-单元测试报告-v1.md,archive/changes/CHANGE-025-概览编辑与大纲修复/07-单元测试报告-v1.md,03fe5fd,
changes,CHANGE-025-概览编辑与大纲修复,archived,.harness/changes/CHANGE-025-概览编辑与大纲修复/10-部署验证报告-v1.md,archive/changes/CHANGE-025-概览编辑与大纲修复/10-部署验证报告-v1.md,03fe5fd,
changes,CHANGE-025-概览编辑与大纲修复,archived,.harness/changes/CHANGE-025-概览编辑与大纲修复/summary.md,archive/changes/CHANGE-025-概览编辑与大纲修复/summary.md,03fe5fd,
changes,CHANGE-026-小说全功能生成,archived,.harness/changes/CHANGE-026-小说全功能生成/.gate1-approved,archive/changes/CHANGE-026-小说全功能生成/.gate1-approved,03fe5fd,
changes,CHANGE-026-小说全功能生成,archived,.harness/changes/CHANGE-026-小说全功能生成/.gate2-approved,archive/changes/CHANGE-026-小说全功能生成/.gate2-approved,03fe5fd,
changes,CHANGE-026-小说全功能生成,archived,.harness/changes/CHANGE-026-小说全功能生成/01-需求分析.md,archive/changes/CHANGE-026-小说全功能生成/01-需求分析.md,03fe5fd,
changes,CHANGE-026-小说全功能生成,archived,.harness/changes/CHANGE-026-小说全功能生成/02-技术设计.md,archive/changes/CHANGE-026-小说全功能生成/02-技术设计.md,03fe5fd,
changes,CHANGE-026-小说全功能生成,archived,.harness/changes/CHANGE-026-小说全功能生成/03-编码计划.md,archive/changes/CHANGE-026-小说全功能生成/03-编码计划.md,03fe5fd,
changes,CHANGE-026-小说全功能生成,archived,.harness/changes/CHANGE-026-小说全功能生成/04-编码报告-v1.md,archive/changes/CHANGE-026-小说全功能生成/04-编码报告-v1.md,03fe5fd,
changes,CHANGE-026-小说全功能生成,archived,.harness/changes/CHANGE-026-小说全功能生成/04-编码报告-v2.md,archive/changes/CHANGE-026-小说全功能生成/04-编码报告-v2.md,03fe5fd,
changes,CHANGE-026-小说全功能生成,archived,.harness/changes/CHANGE-026-小说全功能生成/05-代码检查报告-v1.md,archive/changes/CHANGE-026-小说全功能生成/05-代码检查报告-v1.md,03fe5fd,
changes,CHANGE-026-小说全功能生成,archived,.harness/changes/CHANGE-026-小说全功能生成/06-专家评审报告-v1.md,archive/changes/CHANGE-026-小说全功能生成/06-专家评审报告-v1.md,03fe5fd,
changes,CHANGE-026-小说全功能生成,archived,.harness/changes/CHANGE-026-小说全功能生成/07-单元测试报告-v1.md,archive/changes/CHANGE-026-小说全功能生成/07-单元测试报告-v1.md,03fe5fd,
changes,CHANGE-026-小说全功能生成,archived,.harness/changes/CHANGE-026-小说全功能生成/08-集成测试报告-v1.md,archive/changes/CHANGE-026-小说全功能生成/08-集成测试报告-v1.md,03fe5fd,
changes,CHANGE-026-小说全功能生成,archived,.harness/changes/CHANGE-026-小说全功能生成/09-CI验证报告-v1.md,archive/changes/CHANGE-026-小说全功能生成/09-CI验证报告-v1.md,03fe5fd,
changes,CHANGE-026-小说全功能生成,archived,.harness/changes/CHANGE-026-小说全功能生成/10-部署验证报告-v1.md,archive/changes/CHANGE-026-小说全功能生成/10-部署验证报告-v1.md,03fe5fd,
changes,CHANGE-027-代码质量改进,archived,.harness/changes/CHANGE-027-代码质量改进/.gate1-approved,archive/changes/CHANGE-027-代码质量改进/.gate1-approved,0637259,
changes,CHANGE-027-代码质量改进,archived,.harness/changes/CHANGE-027-代码质量改进/01-需求分析.md,archive/changes/CHANGE-027-代码质量改进/01-需求分析.md,0637259,
changes,CHANGE-027-代码质量改进,archived,.harness/changes/CHANGE-027-代码质量改进/02-技术设计.md,archive/changes/CHANGE-027-代码质量改进/02-技术设计.md,0637259,
changes,CHANGE-027-代码质量改进,archived,.harness/changes/CHANGE-027-代码质量改进/03-编码计划.md,archive/changes/CHANGE-027-代码质量改进/03-编码计划.md,0637259,
changes,CHANGE-027-代码质量改进,archived,.harness/changes/CHANGE-027-代码质量改进/04-编码报告-v1.md,archive/changes/CHANGE-027-代码质量改进/04-编码报告-v1.md,0637259,
changes,CHANGE-027-代码质量改进,archived,.harness/changes/CHANGE-027-代码质量改进/05-代码检查报告-v1.md,archive/changes/CHANGE-027-代码质量改进/05-代码检查报告-v1.md,0637259,
changes,CHANGE-027-代码质量改进,archived,.harness/changes/CHANGE-027-代码质量改进/06-专家评审报告-v1.md,archive/changes/CHANGE-027-代码质量改进/06-专家评审报告-v1.md,0637259,
changes,CHANGE-028-frontend-api-url-fix,archived,.harness/changes/CHANGE-028-frontend-api-url-fix/.gate1-approved,archive/changes/CHANGE-028-frontend-api-url-fix/.gate1-approved,0637259,
changes,CHANGE-028-frontend-api-url-fix,archived,.harness/changes/CHANGE-028-frontend-api-url-fix/01-需求分析.md,archive/changes/CHANGE-028-frontend-api-url-fix/01-需求分析.md,0637259,
changes,CHANGE-028-frontend-api-url-fix,archived,.harness/changes/CHANGE-028-frontend-api-url-fix/02-技术设计.md,archive/changes/CHANGE-028-frontend-api-url-fix/02-技术设计.md,0637259,
changes,CHANGE-028-frontend-api-url-fix,archived,.harness/changes/CHANGE-028-frontend-api-url-fix/03-编码计划.md,archive/changes/CHANGE-028-frontend-api-url-fix/03-编码计划.md,0637259,
changes,CHANGE-028-frontend-api-url-fix,archived,.harness/changes/CHANGE-028-frontend-api-url-fix/04-编码报告-v1.md,archive/changes/CHANGE-028-frontend-api-url-fix/04-编码报告-v1.md,0637259,
changes,CHANGE-028-frontend-api-url-fix,archived,.harness/changes/CHANGE-028-frontend-api-url-fix/05-代码检查报告-v1.md,archive/changes/CHANGE-028-frontend-api-url-fix/05-代码检查报告-v1.md,0637259,
changes,CHANGE-029-chapter-volume-display,archived,.harness/changes/CHANGE-029-chapter-volume-display/.gate1-approved,archive/changes/CHANGE-029-chapter-volume-display/.gate1-approved,0637259,
changes,CHANGE-029-chapter-volume-display,archived,.harness/changes/CHANGE-029-chapter-volume-display/.gate2-approved,archive/changes/CHANGE-029-chapter-volume-display/.gate2-approved,0637259,
changes,CHANGE-029-chapter-volume-display,archived,.harness/changes/CHANGE-029-chapter-volume-display/01-需求分析.md,archive/changes/CHANGE-029-chapter-volume-display/01-需求分析.md,0637259,
changes,CHANGE-029-chapter-volume-display,archived,.harness/changes/CHANGE-029-chapter-volume-display/02-技术设计.md,archive/changes/CHANGE-029-chapter-volume-display/02-技术设计.md,0637259,
changes,CHANGE-029-chapter-volume-display,archived,.harness/changes/CHANGE-029-chapter-volume-display/03-编码计划.md,archive/changes/CHANGE-029-chapter-volume-display/03-编码计划.md,0637259,
changes,CHANGE-029-chapter-volume-display,archived,.harness/changes/CHANGE-029-chapter-volume-display/04-编码报告-v1.md,archive/changes/CHANGE-029-chapter-volume-display/04-编码报告-v1.md,0637259,
changes,CHANGE-029-chapter-volume-display,archived,.harness/changes/CHANGE-029-chapter-volume-display/05-代码检查报告-v1.md,archive/changes/CHANGE-029-chapter-volume-display/05-代码检查报告-v1.md,0637259,
changes,CHANGE-029-chapter-volume-display,archived,.harness/changes/CHANGE-029-chapter-volume-display/06-专家评审报告-v1.md,archive/changes/CHANGE-029-chapter-volume-display/06-专家评审报告-v1.md,0637259,
changes,CHANGE-029-chapter-volume-display,archived,.harness/changes/CHANGE-029-chapter-volume-display/07-单元测试报告-v1.md,archive/changes/CHANGE-029-chapter-volume-display/07-单元测试报告-v1.md,0637259,
changes,CHANGE-029-chapter-volume-display,archived,.harness/changes/CHANGE-029-chapter-volume-display/08-集成测试报告-v1.md,archive/changes/CHANGE-029-chapter-volume-display/08-集成测试报告-v1.md,0637259,
changes,CHANGE-029-chapter-volume-display,archived,.harness/changes/CHANGE-029-chapter-volume-display/09-CI验证报告-v1.md,archive/changes/CHANGE-029-chapter-volume-display/09-CI验证报告-v1.md,0637259,
changes,CHANGE-029-chapter-volume-display,archived,.harness/changes/CHANGE-029-chapter-volume-display/10-部署验证报告-v1.md,archive/changes/CHANGE-029-chapter-volume-display/10-部署验证报告-v1.md,0637259,
changes,CHANGE-030-story-knowledge-graph,archived,.harness/changes/CHANGE-030-story-knowledge-graph/.gate1-approved,archive/changes/CHANGE-030-story-knowledge-graph/.gate1-approved,1260a0f,
changes,CHANGE-030-story-knowledge-graph,archived,.harness/changes/CHANGE-030-story-knowledge-graph/01-需求分析.md,archive/changes/CHANGE-030-story-knowledge-graph/01-需求分析.md,0637259,
changes,CHANGE-030-story-knowledge-graph,archived,.harness/changes/CHANGE-030-story-knowledge-graph/02-技术设计.md,archive/changes/CHANGE-030-story-knowledge-graph/02-技术设计.md,0637259,
changes,CHANGE-030-story-knowledge-graph,archived,.harness/changes/CHANGE-030-story-knowledge-graph/03-编码计划.md,archive/changes/CHANGE-030-story-knowledge-graph/03-编码计划.md,1260a0f,
changes,CHANGE-030-story-knowledge-graph,archived,.harness/changes/CHANGE-030-story-knowledge-graph/04-编码报告-v1.md,archive/changes/CHANGE-030-story-knowledge-graph/04-编码报告-v1.md,1260a0f,
changes,CHANGE-030-story-knowledge-graph,archived,.harness/changes/CHANGE-030-story-knowledge-graph/05-代码检查报告-v1.md,archive/changes/CHANGE-030-story-knowledge-graph/05-代码检查报告-v1.md,1260a0f,
changes,CHANGE-030-story-knowledge-graph,archived,.harness/changes/CHANGE-030-story-knowledge-graph/06-专家评审报告-v1.md,archive/changes/CHANGE-030-story-knowledge-graph/06-专家评审报告-v1.md,1260a0f,
changes,CHANGE-030-story-knowledge-graph,archived,.harness/changes/CHANGE-030-story-knowledge-graph/07-单元测试报告-v1.md,archive/changes/CHANGE-030-story-knowledge-graph/07-单元测试报告-v1.md,1260a0f,
changes,CHANGE-030-story-knowledge-graph,archived,.harness/changes/CHANGE-030-story-knowledge-graph/08-集成测试报告-v1.md,archive/changes/CHANGE-030-story-knowledge-graph/08-集成测试报告-v1.md,1260a0f,
changes,CHANGE-030-story-knowledge-graph,archived,.harness/changes/CHANGE-030-story-knowledge-graph/09-CI验证报告-v1.md,archive/changes/CHANGE-030-story-knowledge-graph/09-CI验证报告-v1.md,1260a0f,
changes,CHANGE-030-story-knowledge-graph,archived,.harness/changes/CHANGE-030-story-knowledge-graph/10-部署验证报告-v1.md,archive/changes/CHANGE-030-story-knowledge-graph/10-部署验证报告-v1.md,1260a0f,
changes,CHANGE-031-architecture-cleanup,archived,.harness/changes/CHANGE-031-architecture-cleanup/.gate1-approved,archive/changes/CHANGE-031-architecture-cleanup/.gate1-approved,1260a0f,
changes,CHANGE-031-architecture-cleanup,archived,.harness/changes/CHANGE-031-architecture-cleanup/.gate2-approved,archive/changes/CHANGE-031-architecture-cleanup/.gate2-approved,1260a0f,
changes,CHANGE-031-architecture-cleanup,archived,.harness/changes/CHANGE-031-architecture-cleanup/01-需求分析.md,archive/changes/CHANGE-031-architecture-cleanup/01-需求分析.md,1260a0f,
changes,CHANGE-031-architecture-cleanup,archived,.harness/changes/CHANGE-031-architecture-cleanup/02-技术设计.md,archive/changes/CHANGE-031-architecture-cleanup/02-技术设计.md,1260a0f,
changes,CHANGE-031-architecture-cleanup,archived,.harness/changes/CHANGE-031-architecture-cleanup/03-编码计划.md,archive/changes/CHANGE-031-architecture-cleanup/03-编码计划.md,1260a0f,
changes,CHANGE-031-architecture-cleanup,archived,.harness/changes/CHANGE-031-architecture-cleanup/04-编码报告-v1.md,archive/changes/CHANGE-031-architecture-cleanup/04-编码报告-v1.md,1260a0f,
changes,CHANGE-031-architecture-cleanup,archived,.harness/changes/CHANGE-031-architecture-cleanup/05-代码检查报告-v1.md,archive/changes/CHANGE-031-architecture-cleanup/05-代码检查报告-v1.md,1260a0f,
changes,CHANGE-031-architecture-cleanup,archived,.harness/changes/CHANGE-031-architecture-cleanup/06-专家评审报告-v1.md,archive/changes/CHANGE-031-architecture-cleanup/06-专家评审报告-v1.md,1260a0f,
changes,CHANGE-031-architecture-cleanup,archived,.harness/changes/CHANGE-031-architecture-cleanup/07-单元测试报告-v1.md,archive/changes/CHANGE-031-architecture-cleanup/07-单元测试报告-v1.md,1260a0f,
changes,CHANGE-031-architecture-cleanup,archived,.harness/changes/CHANGE-031-architecture-cleanup/08-集成测试报告-v1.md,archive/changes/CHANGE-031-architecture-cleanup/08-集成测试报告-v1.md,1260a0f,
changes,CHANGE-031-architecture-cleanup,archived,.harness/changes/CHANGE-031-architecture-cleanup/09-CI验证报告-v1.md,archive/changes/CHANGE-031-architecture-cleanup/09-CI验证报告-v1.md,1260a0f,
changes,CHANGE-031-architecture-cleanup,archived,.harness/changes/CHANGE-031-architecture-cleanup/10-部署验证报告-v1.md,archive/changes/CHANGE-031-architecture-cleanup/10-部署验证报告-v1.md,1260a0f,
changes,CHANGE-032-live-knowledge-graph,archived,.harness/changes/CHANGE-032-live-knowledge-graph/.gate1-approved,archive/changes/CHANGE-032-live-knowledge-graph/.gate1-approved,b029902,
changes,CHANGE-032-live-knowledge-graph,archived,.harness/changes/CHANGE-032-live-knowledge-graph/.gate2-approved,archive/changes/CHANGE-032-live-knowledge-graph/.gate2-approved,b029902,
changes,CHANGE-032-live-knowledge-graph,archived,.harness/changes/CHANGE-032-live-knowledge-graph/01-需求分析.md,archive/changes/CHANGE-032-live-knowledge-graph/01-需求分析.md,b029902,
changes,CHANGE-032-live-knowledge-graph,archived,.harness/changes/CHANGE-032-live-knowledge-graph/02-技术设计.md,archive/changes/CHANGE-032-live-knowledge-graph/02-技术设计.md,b029902,
changes,CHANGE-032-live-knowledge-graph,archived,.harness/changes/CHANGE-032-live-knowledge-graph/03-编码计划.md,archive/changes/CHANGE-032-live-knowledge-graph/03-编码计划.md,b029902,
changes,CHANGE-032-live-knowledge-graph,archived,.harness/changes/CHANGE-032-live-knowledge-graph/05-代码检查报告-v1.md,archive/changes/CHANGE-032-live-knowledge-graph/05-代码检查报告-v1.md,b029902,
changes,CHANGE-032-live-knowledge-graph,archived,.harness/changes/CHANGE-032-live-knowledge-graph/06-专家评审报告-v1.md,archive/changes/CHANGE-032-live-knowledge-graph/06-专家评审报告-v1.md,b029902,
changes,CHANGE-032-live-knowledge-graph,archived,.harness/changes/CHANGE-032-live-knowledge-graph/07-单元测试报告-v1.md,archive/changes/CHANGE-032-live-knowledge-graph/07-单元测试报告-v1.md,b029902,
changes,CHANGE-032-live-knowledge-graph,archived,.harness/changes/CHANGE-032-live-knowledge-graph/08-集成测试报告-v1.md,archive/changes/CHANGE-032-live-knowledge-graph/08-集成测试报告-v1.md,b029902,
changes,CHANGE-032-live-knowledge-graph,archived,.harness/changes/CHANGE-032-live-knowledge-graph/09-CI验证报告-v1.md,archive/changes/CHANGE-032-live-knowledge-graph/09-CI验证报告-v1.md,b029902,
changes,CHANGE-032-live-knowledge-graph,archived,.harness/changes/CHANGE-032-live-knowledge-graph/10-部署验证报告-v1.md,archive/changes/CHANGE-032-live-knowledge-graph/10-部署验证报告-v1.md,b029902,
changes,CHANGE-032-live-knowledge-graph,archived,.harness/changes/CHANGE-032-live-knowledge-graph/summary.md,archive/changes/CHANGE-032-live-knowledge-graph/summary.md,b029902,
changes,CHANGE-033-任务大厅与质量评估,archived,.harness/changes/CHANGE-033-任务大厅与质量评估/summary.md,archive/changes/CHANGE-033-任务大厅与质量评估/summary.md,413f7f0,
changes,CHANGE-034-story-bible与三层图谱,archived,.harness/changes/CHANGE-034-story-bible与三层图谱/summary.md,archive/changes/CHANGE-034-story-bible与三层图谱/summary.md,413f7f0,
changes,CHANGE-035-任务进度与图谱UX优化,archived,.harness/changes/CHANGE-035-任务进度与图谱UX优化/summary.md,archive/changes/CHANGE-035-任务进度与图谱UX优化/summary.md,413f7f0,
changes,CHANGE-036-修复章节生成挂起与API调用,archived,.harness/changes/CHANGE-036-修复章节生成挂起与API调用/summary.md,archive/changes/CHANGE-036-修复章节生成挂起与API调用/summary.md,413f7f0,
changes,CHANGE-038-章节生成修复,archived,.harness/changes/CHANGE-038-章节生成修复/04-编码报告-v1.md,archive/changes/CHANGE-038-章节生成修复/04-编码报告-v1.md,e52f87f,
changes,CHANGE-038-章节生成修复,archived,.harness/changes/CHANGE-038-章节生成修复/summary.md,archive/changes/CHANGE-038-章节生成修复/summary.md,e52f87f,
changes,CHANGE-039-版本化评审与UI重构,archived,.harness/changes/CHANGE-039-版本化评审与UI重构/01-立项摘要.md,archive/changes/CHANGE-039-版本化评审与UI重构/01-立项摘要.md,d60a7ee,
changes,CHANGE-039-版本化评审与UI重构,archived,.harness/changes/CHANGE-039-版本化评审与UI重构/04-编码报告-v1.md,archive/changes/CHANGE-039-版本化评审与UI重构/04-编码报告-v1.md,d60a7ee,
changes,CHANGE-042-chapter-bug-and-loadtest,archived,.harness/changes/CHANGE-042-chapter-bug-and-loadtest/.gate2-approved,archive/changes/CHANGE-042-chapter-bug-and-loadtest/.gate2-approved,5799e10,
changes,CHANGE-042-chapter-bug-and-loadtest,archived,.harness/changes/CHANGE-042-chapter-bug-and-loadtest/01-需求分析.md,archive/changes/CHANGE-042-chapter-bug-and-loadtest/01-需求分析.md,5799e10,
changes,CHANGE-042-chapter-bug-and-loadtest,archived,.harness/changes/CHANGE-042-chapter-bug-and-loadtest/02-实施方案.md,archive/changes/CHANGE-042-chapter-bug-and-loadtest/02-实施方案.md,5799e10,
changes,CHANGE-042-chapter-bug-and-loadtest,archived,.harness/changes/CHANGE-042-chapter-bug-and-loadtest/03-编码报告.md,archive/changes/CHANGE-042-chapter-bug-and-loadtest/03-编码报告.md,5799e10,
changes,CHANGE-042-chapter-bug-and-loadtest,archived,.harness/changes/CHANGE-042-chapter-bug-and-loadtest/04-验证报告.md,archive/changes/CHANGE-042-chapter-bug-and-loadtest/04-验证报告.md,5799e10,
changes,CHANGE-043-API压力测试扩展,archived,.harness/changes/CHANGE-043-API压力测试扩展/01-需求分析.md,archive/changes/CHANGE-043-API压力测试扩展/01-需求分析.md,e5bebc2,
changes,CHANGE-044-百万字长篇生成验证,archived,.harness/changes/CHANGE-044-百万字长篇生成验证/01-需求分析.md,archive/changes/CHANGE-044-百万字长篇生成验证/01-需求分析.md,407a032,
changes,CHANGE-044-百万字长篇生成验证,archived,.harness/changes/CHANGE-044-百万字长篇生成验证/02-技术设计.md,archive/changes/CHANGE-044-百万字长篇生成验证/02-技术设计.md,407a032,
changes,CHANGE-044-百万字长篇生成验证,archived,.harness/changes/CHANGE-044-百万字长篇生成验证/03-编码计划.md,archive/changes/CHANGE-044-百万字长篇生成验证/03-编码计划.md,407a032,
changes,CHANGE-044-百万字长篇生成验证,archived,.harness/changes/CHANGE-044-百万字长篇生成验证/04-编码报告-v1.md,archive/changes/CHANGE-044-百万字长篇生成验证/04-编码报告-v1.md,407a032,
changes,CHANGE-044-百万字长篇生成验证,archived,.harness/changes/CHANGE-044-百万字长篇生成验证/05-代码检查报告-v1.md,archive/changes/CHANGE-044-百万字长篇生成验证/05-代码检查报告-v1.md,407a032,
changes,CHANGE-044-百万字长篇生成验证,archived,.harness/changes/CHANGE-044-百万字长篇生成验证/06-专家评审报告-v1.md,archive/changes/CHANGE-044-百万字长篇生成验证/06-专家评审报告-v1.md,407a032,
changes,CHANGE-044-百万字长篇生成验证,archived,.harness/changes/CHANGE-044-百万字长篇生成验证/07-单元测试报告-v1.md,archive/changes/CHANGE-044-百万字长篇生成验证/07-单元测试报告-v1.md,407a032,
changes,CHANGE-044-百万字长篇生成验证,archived,.harness/changes/CHANGE-044-百万字长篇生成验证/08-集成测试报告-v1.md,archive/changes/CHANGE-044-百万字长篇生成验证/08-集成测试报告-v1.md,407a032,
changes,CHANGE-044-百万字长篇生成验证,archived,.harness/changes/CHANGE-044-百万字长篇生成验证/09-CI验证报告-v1.md,archive/changes/CHANGE-044-百万字长篇生成验证/09-CI验证报告-v1.md,407a032,
changes,CHANGE-044-百万字长篇生成验证,archived,.harness/changes/CHANGE-044-百万字长篇生成验证/10-部署验证报告-v1.md,archive/changes/CHANGE-044-百万字长篇生成验证/10-部署验证报告-v1.md,407a032,
changes,CHANGE-045-章节节奏控制与定向改写闭环,archived,.harness/changes/CHANGE-045-章节节奏控制与定向改写闭环/coding-report-phase1.md,archive/changes/CHANGE-045-章节节奏控制与定向改写闭环/coding-report-phase1.md,76a9dab,
changes,CHANGE-045-章节节奏控制与定向改写闭环,archived,.harness/changes/CHANGE-045-章节节奏控制与定向改写闭环/coding-report.md,archive/changes/CHANGE-045-章节节奏控制与定向改写闭环/coding-report.md,76a9dab,
changes,CHANGE-046-导出与发布系统,archived,.harness/changes/CHANGE-046-导出与发布系统/ci-result.md,archive/changes/CHANGE-046-导出与发布系统/ci-result.md,fa2be8d,
changes,CHANGE-046-导出与发布系统,archived,.harness/changes/CHANGE-046-导出与发布系统/code-review.md,archive/changes/CHANGE-046-导出与发布系统/code-review.md,fa2be8d,
changes,CHANGE-046-导出与发布系统,archived,.harness/changes/CHANGE-046-导出与发布系统/coding-report.md,archive/changes/CHANGE-046-导出与发布系统/coding-report.md,fa2be8d,
changes,CHANGE-047-大纲正文双向同步,archived,.harness/changes/CHANGE-047-大纲正文双向同步/ci-result.md,archive/changes/CHANGE-047-大纲正文双向同步/ci-result.md,fa2be8d,
changes,CHANGE-047-大纲正文双向同步,archived,.harness/changes/CHANGE-047-大纲正文双向同步/code-review.md,archive/changes/CHANGE-047-大纲正文双向同步/code-review.md,fa2be8d,
changes,CHANGE-047-大纲正文双向同步,archived,.harness/changes/CHANGE-047-大纲正文双向同步/coding-report.md,archive/changes/CHANGE-047-大纲正文双向同步/coding-report.md,fa2be8d,
changes,CHANGE-047-大纲正文双向同步,archived,.harness/changes/CHANGE-047-大纲正文双向同步/test-review.md,archive/changes/CHANGE-047-大纲正文双向同步/test-review.md,fa2be8d,
changes,CHANGE-048-读者视角模拟,archived,.harness/changes/CHANGE-048-读者视角模拟/ci-result.md,archive/changes/CHANGE-048-读者视角模拟/ci-result.md,fa2be8d,
changes,CHANGE-048-读者视角模拟,archived,.harness/changes/CHANGE-048-读者视角模拟/code-review.md,archive/changes/CHANGE-048-读者视角模拟/code-review.md,fa2be8d,
changes,CHANGE-048-读者视角模拟,archived,.harness/changes/CHANGE-048-读者视角模拟/coding-report.md,archive/changes/CHANGE-048-读者视角模拟/coding-report.md,fa2be8d,
changes,CHANGE-048-读者视角模拟,archived,.harness/changes/CHANGE-048-读者视角模拟/test-review.md,archive/changes/CHANGE-048-读者视角模拟/test-review.md,fa2be8d,
changes,CHANGE-049-项目优化解耦与冗余消除,archived,.harness/changes/CHANGE-049-项目优化解耦与冗余消除/ci-result.md,archive/changes/CHANGE-049-项目优化解耦与冗余消除/ci-result.md,3974d31,
changes,CHANGE-049-项目优化解耦与冗余消除,archived,.harness/changes/CHANGE-049-项目优化解耦与冗余消除/code-review.md,archive/changes/CHANGE-049-项目优化解耦与冗余消除/code-review.md,96b5c80,
changes,CHANGE-049-项目优化解耦与冗余消除,archived,.harness/changes/CHANGE-049-项目优化解耦与冗余消除/coding-report.md,archive/changes/CHANGE-049-项目优化解耦与冗余消除/coding-report.md,96b5c80,
changes,CHANGE-049-项目优化解耦与冗余消除,archived,.harness/changes/CHANGE-049-项目优化解耦与冗余消除/test-report.md,archive/changes/CHANGE-049-项目优化解耦与冗余消除/test-report.md,96b5c80,
changes,CHANGE-049-项目优化解耦与冗余消除,archived,.harness/changes/CHANGE-049-项目优化解耦与冗余消除/test-review.md,archive/changes/CHANGE-049-项目优化解耦与冗余消除/test-review.md,96b5c80,
changes,CHANGE-050-工程质量修复-层级边界与前端测试,archived,.harness/changes/CHANGE-050-工程质量修复-层级边界与前端测试/ci-result.md,archive/changes/CHANGE-050-工程质量修复-层级边界与前端测试/ci-result.md,c71584b,
changes,CHANGE-050-工程质量修复-层级边界与前端测试,archived,.harness/changes/CHANGE-050-工程质量修复-层级边界与前端测试/code-review.md,archive/changes/CHANGE-050-工程质量修复-层级边界与前端测试/code-review.md,413f7f0,
changes,CHANGE-050-工程质量修复-层级边界与前端测试,archived,.harness/changes/CHANGE-050-工程质量修复-层级边界与前端测试/coding-report.md,archive/changes/CHANGE-050-工程质量修复-层级边界与前端测试/coding-report.md,413f7f0,
changes,CHANGE-050-工程质量修复-层级边界与前端测试,archived,.harness/changes/CHANGE-050-工程质量修复-层级边界与前端测试/gate2-summary.md,archive/changes/CHANGE-050-工程质量修复-层级边界与前端测试/gate2-summary.md,c71584b,
changes,CHANGE-050-工程质量修复-层级边界与前端测试,archived,.harness/changes/CHANGE-050-工程质量修复-层级边界与前端测试/test-report.md,archive/changes/CHANGE-050-工程质量修复-层级边界与前端测试/test-report.md,413f7f0,
changes,CHANGE-050-工程质量修复-层级边界与前端测试,archived,.harness/changes/CHANGE-050-工程质量修复-层级边界与前端测试/test-review.md,archive/changes/CHANGE-050-工程质量修复-层级边界与前端测试/test-review.md,413f7f0,
plans,2026-07-03-refactor-split-projects-and-novelmanager.md,archived,docs/superpowers/plans/2026-07-03-refactor-split-projects-and-novelmanager.md,archive/plans/2026-07-03-refactor-split-projects-and-novelmanager.md,e124b3e,
plans,2026-07-04-backend-refactor-review.md,archived,docs/superpowers/plans/2026-07-04-backend-refactor-review.md,archive/plans/2026-07-04-backend-refactor-review.md,e124b3e,
plans,2026-07-04-frontend-refactor.md,archived,docs/superpowers/plans/2026-07-04-frontend-refactor.md,archive/plans/2026-07-04-frontend-refactor.md,e124b3e,
plans,2026-07-04-quality-optimization.md,archived,docs/superpowers/plans/2026-07-04-quality-optimization.md,archive/plans/2026-07-04-quality-optimization.md,450312e,
plans,2026-07-04-xiaoshuo-5-priorities-complete-plan.md,archived,docs/superpowers/plans/2026-07-04-xiaoshuo-5-priorities-complete-plan.md,archive/plans/2026-07-04-xiaoshuo-5-priorities-complete-plan.md,e124b3e,
plans,2026-07-14-funnel-quality-gate.md,archived,docs/superpowers/plans/2026-07-14-funnel-quality-gate.md,archive/plans/2026-07-14-funnel-quality-gate.md,f667b34,
plans,2026-07-15-long-form-quality-gate-integration.md,archived,docs/superpowers/plans/2026-07-15-long-form-quality-gate-integration.md,archive/plans/2026-07-15-long-form-quality-gate-integration.md,374f929,
plans,2026-07-18-round2-cleanup-and-refactor.md,archived,docs/superpowers/plans/2026-07-18-round2-cleanup-and-refactor.md,archive/plans/2026-07-18-round2-cleanup-and-refactor.md,5653747,
specs,2026-07-15-long-form-quality-gate-integration-design.md,archived,docs/superpowers/specs/2026-07-15-long-form-quality-gate-integration-design.md,archive/specs/2026-07-15-long-form-quality-gate-integration-design.md,3bec709,
reports,E2E_VERIFICATION_REPORT.md,archived,docs/E2E_VERIFICATION_REPORT.md,archive/reports/E2E_VERIFICATION_REPORT.md,2f0ce88,
reports,harness,archived,.harness/changes/ci-result.md,archive/reports/harness/ci-result.md,118a656,
reports,harness,archived,.harness/changes/code-review.md,archive/reports/harness/code-review.md,ca88dab,
reports,harness,archived,.harness/changes/coding-report.md,archive/reports/harness/coding-report.md,ca88dab,
reports,harness,archived,.harness/changes/test-report.md,archive/reports/harness/test-report.md,ca88dab,
reports,harness,archived,.harness/changes/test-review.md,archive/reports/harness/test-review.md,ca88dab,
reports,本次改动内容.md,archived,docs/本次改动内容.md,archive/reports/本次改动内容.md,eac9604,
scratch,post-funnel-cleanup,archived,.scratch/post-funnel-cleanup/issues/01-security-ops-debt.md,archive/scratch/post-funnel-cleanup/issues/01-security-ops-debt.md,5653747,
scratch,post-funnel-cleanup,archived,.scratch/post-funnel-cleanup/issues/02-split-novel-generator.md,archive/scratch/post-funnel-cleanup/issues/02-split-novel-generator.md,5653747,
scratch,post-funnel-cleanup,archived,.scratch/post-funnel-cleanup/issues/03-chapter-generator-context.md,archive/scratch/post-funnel-cleanup/issues/03-chapter-generator-context.md,5653747,
scratch,post-funnel-cleanup,archived,.scratch/post-funnel-cleanup/issues/04-gate-convergence-short-form.md,archive/scratch/post-funnel-cleanup/issues/04-gate-convergence-short-form.md,5653747,
scratch,post-funnel-cleanup,archived,.scratch/post-funnel-cleanup/issues/05-long-form-progress-ui.md,archive/scratch/post-funnel-cleanup/issues/05-long-form-progress-ui.md,7bf09e0,
scratch,post-funnel-cleanup,archived,.scratch/post-funnel-cleanup/issues/06-short-form-taskdetail-ux.md,archive/scratch/post-funnel-cleanup/issues/06-short-form-taskdetail-ux.md,57949b6,
scratch,post-funnel-cleanup,archived,.scratch/post-funnel-cleanup/issues/07-project-structure-cleanup.md,archive/scratch/post-funnel-cleanup/issues/07-project-structure-cleanup.md,dc7720f,
scratch,post-funnel-cleanup,archived,.scratch/post-funnel-cleanup/map.md,archive/scratch/post-funnel-cleanup/map.md,73a9169,
scratch,post-funnel-cleanup,archived,.scratch/post-funnel-cleanup/spec.md,archive/scratch/post-funnel-cleanup/spec.md,73a9169,
